timestamp,action,reason,explanation,cpu_usage,battery_level,user_active,network,security_risk_score
2025-07-28 19:04:44.932282,Postpone,No internet connection.,"‚ö†Ô∏è LLM explanation failed: Error code: 429 - {'error': {'message': 'You exceeded your current quota, please check your plan and billing details. For more information on this error, read the docs: https://platform.openai.com/docs/guides/error-codes/api-errors.', 'type': 'insufficient_quota', 'param': None, 'code': 'insufficient_quota'}}",13,93,True,offline,2
2025-07-28 19:04:50.557521,Postpone,System busy or user active.,"‚ö†Ô∏è LLM explanation failed: Error code: 429 - {'error': {'message': 'You exceeded your current quota, please check your plan and billing details. For more information on this error, read the docs: https://platform.openai.com/docs/guides/error-codes/api-errors.', 'type': 'insufficient_quota', 'param': None, 'code': 'insufficient_quota'}}",36,59,False,online,2
2025-07-28 19:04:57.435052,Apply,High security risk.,"‚ö†Ô∏è LLM explanation failed: Error code: 429 - {'error': {'message': 'You exceeded your current quota, please check your plan and billing details. For more information on this error, read the docs: https://platform.openai.com/docs/guides/error-codes/api-errors.', 'type': 'insufficient_quota', 'param': None, 'code': 'insufficient_quota'}}",63,74,True,online,8
2025-07-28 19:05:04.092840,Apply,High security risk.,"‚ö†Ô∏è LLM explanation failed: Error code: 429 - {'error': {'message': 'You exceeded your current quota, please check your plan and billing details. For more information on this error, read the docs: https://platform.openai.com/docs/guides/error-codes/api-errors.', 'type': 'insufficient_quota', 'param': None, 'code': 'insufficient_quota'}}",67,51,False,online,8
2025-07-28 19:25:10.035873,Postpone,Battery too low.,"The battery is a device that stores electricity, so it is not a battery and would not be active. The battery is the battery that stores electricity, so it is not a battery and would not be active. The battery is the battery that stores electricity, so it is not a battery and would not be active. The battery is the battery that stores electricity, so it is not a battery and would not be active. The battery is the battery that stores electricity, so it is not a battery and would not be active. The battery is the battery that stores electricity, so it is",24,13,False,online,4
2025-07-28 19:25:36.415488,Postpone,No internet connection.,"It doesn't take much time to check your internet connection. I recommend that you check your connection. There isn't a lot of internet connection. I recommend checking your internet connection.
If you don't have internet connectivity, you might want to try and check your internet connection. If you don't have internet connectivity, you might want to try and check your internet connection.
If you don't have internet connectivity, you might want to try and check your internet connection. If you don't have internet connectivity, you might want to try and check your internet connection. Otherwise, you might want to check your internet connection. Otherwise, you might want to check your internet connection.
It's often time to look at all the options available to help you with your system update.
This is a helpful assistant explaining system update decisions.
The system is usually time to look at all the options available to help you with your system update.
If you don't have web connection, you might want to check your internet connection. It's often time to look at all the options available to help you with your system update.
If you don't have web connection, you might want to check your internet connection. It's often time to look at all the options available to help",27,23,True,offline,1
2025-07-28 19:26:03.526845,Apply,High security risk.,"We are using a simple, simple, simple, multi-core system. We use a typical system that uses a single feature every single day. We use a single feature every single day. We use a single feature every day. We use a single feature every day.
When we start using the system, we typically write an application that is unique and has a single feature every day. That's how it works.
The main purpose of the application is to run one of its tests. The tests are run for 2 or 3 times per day.
We are testing the system, and we will do this for every minute of the day.
The test runs for 2 or 3 times per day. The tests are run for 2 or 3 times per day.
The test runs for 3 or 3 times per day. The tests are run for 2 or 3 times per day.
The tests run for 3 or 3 times per day. The tests are run for 2 or 3 times per day.
The test runs for 3 or 3 times per day. The tests are run for 2 or 3 times per day.
The tests are run for 2 or 3 times per day.
The tests are run for 2 or 3 times per day. The tests are",13,21,True,online,9
2025-07-28 19:26:17.734149,Postpone,No internet connection.,"Postpone is a simple app that provides a system update to your local network, which is a custom update to your system. This update should be able to save your network, but the most important thing is that your user is able to access your network again. As soon as that changes, you should go to your settings.
The server will be updated to the correct system configuration.
The server will be updated to the correct system configuration.
If you have a question about the site, please feel free to ask.",87,13,True,offline,4
2025-07-28 19:26:45.424975,Postpone,System busy or user active.,"The system is busy or busy.
System Status: {'cpu_usage"": 67, 'battery_level': 85, 'user_active': False, 'network': 'online','security_risk_score': 3}",67,85,False,online,3
2025-07-28 19:34:10.659048,Postpone,Battery too low.,Explain why the system chose to postpone the update. The reason is: Battery too low.. Make it sound polite and simple. The problem is that the system chose to postpone the update. The reason is: Battery too low.. Make it sound polite and simple. The problem is that the system chose to postpone the update. The problem is that the system chose to postpone the update. The problem is that the system chose to postpone the update. The problem is that the system chose to postpone the update. The problem is that the system chose to postpone the update. The problem is that the system chose to postpone the update. The problem is that the system chose to postpone the update. The problem is that the system chose to delay the update. The problem is that the system chose to postpone the update. The problem is that the system chose to postpone the update. The problem is that the system chose to postpone the update. The problem is that the system chose to postpone the update. The problem is that the system chose to postpone the update. The problem is that the system chose to postpone the update. The problem is that the system chose to postpone the update. The problem is that the system chose to postpone the update. The problem is that the system chose to postpone the update. The problem is that the system chose to postpone the update. The problem is that the system chose to postpone the update. The,24,13,False,online,4
2025-07-28 19:34:24.903341,Postpone,No internet connection.,"Explain why the system chose to postpone the update. The reason is: No internet connection.. Make it sound polite and simple.


By now, it seems that after the update, the user will be able to see the current status of the system, which has been updated by the update.
The update has been scheduled for the first time on October 29 in the United States, and it will be the first time in the world that the user has been able to see the current status of the system, which has been updated by the update.
The update has been scheduled for the first time on October 29 in the United States, and it will be the first time in the world that the user has been able to see the current status of the system, which has been updated by the update.
The update has been scheduled for the first time on October 29 in the United States, and it will be the first time in the world that the user has been able to see the current status of the system, which has been updated by the update.
The update has been scheduled for the first time in the world that the user has been able to see the current status of the system, which has been updated by the update.",27,23,True,offline,1
2025-07-28 19:34:28.787301,Apply,High security risk.,"Explain why the system chose to apply the update. The reason is: High security risk.. Make it sound polite and simple.


You can follow me on Twitter and on Facebook",13,21,True,online,9
2025-07-28 19:34:49.298856,Postpone,No internet connection.,"Explain why the system chose to postpone the update. The reason is: No internet connection.. Make it sound polite and simple.

This post is about the game and the game itself.
Game development is not an issue. It's a problem. It's a problem.
If you're interested in something like this, consider asking me about the game. I'm not a big fan of game development. I've used this blog for some years now, and I've had a lot of discussions with people who have been interested in the game.
I've studied the game for some time.
There are no more than 2,000 players on the internet and I'm not one to dismiss it. That's around 11 million people.
It's like a puzzle game. It's as if you're just playing.
The game is a puzzle game. It's as if you're playing.
It's as if you're playing.
The game is a puzzle game. It's as if you're playing.
It's as if you're playing.
It's as if you're playing.
It's as if you're playing.
It's as if you're playing.
It's as if you're playing.
The game is a puzzle game. It's as if you're playing.
It's as if you're playing.
It's",87,13,True,offline,4
2025-07-28 19:34:56.593740,Postpone,System busy or user active.,"Explain why the system chose to postpone the update. The reason is: System busy or user active.. Make it sound polite and simple.



You can read more about the issue in the issue in the forum.

It is a bug fixing bug (and there are a lot of other important fixes)
You can find more about the issue in the forum.",67,85,False,online,3
2025-07-28 19:36:16.282876,Postpone,Battery too low.,"The system decided to postpone the update. Reason: Battery too low.. Write a short, polite explanation with a friendly tone and emojis.",24,13,False,online,4
2025-07-28 19:36:45.281468,Postpone,No internet connection.,"The system decided to postpone the update. Reason: No internet connection.. Write a short, polite explanation with a friendly tone and emojis.


This is a quick post about the service.
We want to make sure people understand that this service is not for everyone. We want people to understand that this service is not for everyone. We want people to understand that this service is not for everyone. We want people to understand that this service is not for everyone.
I would like to give a few examples. First, the service was launched in 2001 and we tried to get the web to be faster and faster. We tried to get the web to be faster and faster.
We tried to get the web to be faster and faster. We tried to get the web to be faster and faster. We tried to get the web to be faster and faster.
On the first day of April 2013, my service got a good response. We got a great response. We got a great response. We got a great response. We got a great response. We got a great response. We got a great response. We got a great response. We got a great response.
We looked at the following sites to see what we could do and they were just as happy.
Note: This service is not for everyone. We want people to understand that this service is not for everyone. We want",27,23,True,offline,1
2025-07-28 19:37:06.206993,Apply,High security risk.,"The system decided to apply the update. Reason: High security risk.. Write a short, polite explanation with a friendly tone and emojis.



If you are a developer looking to have an easy time getting your hands on a Windows 10 operating system, you can try out a new one at the start of the day.
Here are some of the steps you need to take to get the most out of this new Windows 10 operating system.
1. Install the update
This is a simple way to install the update via Windows 10, but the process has to be done in an automated fashion. If you are looking to start the day by asking yourself the following questions:
1. Install the update on a Windows 10 operating system, or if you are looking to start the day by asking yourself the following questions:
1. Install the update on a Windows 10 operating system, or if you are looking to start the day by asking yourself the following questions:
1. Install the update on a Windows 10 operating system, or if you are looking to start the day by asking yourself the following questions:
1. Install the update on a Windows 10 operating system, or if you are looking to start the day by asking yourself the following questions:
1. Install the update on a Windows 10 operating system, or if you are looking to start the day by asking yourself the following questions:",13,21,True,online,9
2025-07-28 19:37:10.835765,Postpone,No internet connection.,"The system decided to postpone the update. Reason: No internet connection.. Write a short, polite explanation with a friendly tone and emojis. We hope to hear you out here.


Advertisements",87,13,True,offline,4
2025-07-28 19:37:13.942700,Postpone,System busy or user active.,"The system decided to postpone the update. Reason: System busy or user active.. Write a short, polite explanation with a friendly tone and emojis.",67,85,False,online,3
2025-07-28 19:39:48.500138,Postpone,Battery too low.,"The system decided to postpone the update. The reason is: Battery too low..
It would be nice if we could just give our users the option to keep updating the system. The reason is: Battery too low..
The reason is: Battery",24,13,False,online,4
2025-07-28 19:39:54.148182,Postpone,No internet connection.,The system decided to postpone,27,23,True,offline,1
2025-07-28 19:40:00.706792,Apply,High security risk.,"This is one of the most common things people get asked to do, especially when they are trying to make a new purchase. And while the above is the most common reason for it, it is also the most common reason for it.
The reason",13,21,True,online,9
2025-07-28 19:40:10.495153,Postpone,No internet connection.,This is the first time a web service provider has to cancel its services for a reason. This is an attempt to make sure that web services are not cancelled. This is what happened to the service provider when it decided to cancel the service for the,87,13,True,offline,4
2025-07-28 19:40:19.146896,Postpone,System busy or user active.,"This means that the system was going to wait for a few hours before a new update was released to the system (unless you have a specific server connection) to see if there was a chance to make a change.
There was a few more problems",67,85,False,online,3
2025-07-28 20:16:58.811819,Postpone,No internet connection.,The system decided to **Postpone** the update. Reason: No internet connection.,78,25,False,offline,3
2025-07-28 20:17:06.692745,Postpone,Battery too low.,The system decided to **Postpone** the update. Reason: Battery too low.,78,25,False,online,3
2025-07-28 20:17:18.524371,Postpone,No critical condition met.,The system decided to **Postpone** the update. Reason: No critical condition met.,78,69,False,online,3
2025-07-28 20:17:26.699373,Apply,High security risk.,The system decided to **Apply** the update. Reason: High security risk.,78,69,False,online,7
2025-07-28 20:29:21.730623,Postpone,Battery too low.,This is a great example of how an open source software developer can provide a solution to the problem. We‚ÄºÔ∏è‚ÄºÔ∏è‚ÄºÔ∏è‚ÄºÔ∏è‚ÄºÔ∏è‚ÄºÔ∏è‚ÄºÔ∏è‚ÄºÔ∏è‚ÄºÔ∏è‚Äº,24,13,False,online,4
2025-07-28 20:29:21.752874,Postpone,No internet connection.,The problem is that,27,23,True,offline,1
2025-07-28 20:29:21.805115,Apply,High security risk.,"This is the reason why the system decided to apply the update. The reason is: High security risk..
Explan",13,21,True,online,9
2025-07-28 20:29:34.513798,Postpone,No internet connection.,"So, the reason is that the reason is to delay the update. The reason is: No internet connection..
So, the reason is: No internet connection..
The reason is: No internet connection..
The reason is: No internet",87,13,True,offline,4
2025-07-28 20:29:34.689579,Postpone,System busy or user active.,"When the update was issued, the system was not able to wait for the update to be delivered. It was not able to wait for the update to be delivered. It was not able to wait for the update to be delivered. It was not able",67,85,False,online,3
2025-07-28 20:29:35.609594,Postpone,System busy or user active.,"The system has not updated.
The system has not updated.
If you want to change the system, please do not change the system.
If you want to change the system, please do not change the system.
If you want to",64,53,False,online,4
2025-07-28 20:29:44.625160,Postpone,No internet connection.,"Since the current version of the service is not currently supported, there is no way to create an account on the server, so it is possible that the server will not provide the necessary information to get the message when the browser doesn't support it.",53,23,True,offline,2
2025-07-28 20:29:49.680649,Apply,High security risk.,"It would be a good idea to have a full update of the update, and if it did not work for some reason, it would be a good idea to have a full update of the update, and if it did not work for some reason,",55,54,False,online,8
2025-07-28 20:29:49.883739,Apply,High security risk.,"It is because of security risks.
The problem is that this is the case with the update. It is because of the security risks. The problem is that this is the case with the update. It is because of the security risks. The problem",78,25,False,online,9
2025-07-28 20:29:50.707894,Postpone,System busy or user active.,"The delay is caused by the delay in the user active process. This means that the user is not actively active. The user is still actively active when the system is being rebooted.
The system is busy. It is not active when the",47,90,False,online,2
2025-07-28 20:29:57.244549,Postpone,No internet connection.,"The system decided to postpone the update. The reason is: No internet connection..
The system decided to postpone the update. The reason is: No internet connection..
The system decided to postpone the update. The reason is: No internet connection",15,94,True,offline,2
2025-07-28 20:30:06.202500,Postpone,No internet connection.,"It seems that some people in the US are interested in the system which is being developed for the next 3 years. The reason is that this is not the case for the other systems, because they are very well developed. If the internet connection is delayed",56,30,False,offline,4
2025-07-28 20:30:06.409643,Postpone,No internet connection.,The system decided to postpone the update.,39,22,False,offline,8
2025-07-28 20:30:06.491855,Apply,High security risk.,"This is one of the best solutions we've seen for security, but it's hard to get it done without using the patch.
This is the first patch we've seen for security, but it's hard to get it done without using the patch",44,99,True,online,9
2025-07-28 20:30:10.576646,Postpone,No internet connection.,"We have a couple of problems. First, we can't see why the update was delayed. Second, we have no way to see why a major bug was fixed. We have a lot of people to talk about and I hope we have some good",41,30,False,offline,5
2025-07-28 20:30:21.643312,Postpone,System busy or user active.,"This is a technical problem, the reason is because it is very important to ensure that you get the most out of the system. If you want to run the system, you need to be aware of the fact that there is no update. If you",81,38,False,online,4
2025-07-28 20:30:21.687188,Postpone,No internet connection.,"There are several reasons why the system decided to postpone the update. The reason is: No internet connection..
The reason is: No internet connection..
The reason is: No internet connection..
This is probably one of the most common reason why",14,50,False,offline,2
2025-07-28 20:30:22.518334,Apply,High security risk.,"If you're using this project, you may want to do a quick check before you're released. This is an easy way to check if the update is working.
If you're using this project, you may want to do a quick check before",37,82,False,online,8
2025-07-28 20:30:24.100988,Postpone,System busy or user active.,"This is a simple idea. If you are in a busy day, you can start by saying ""Hey, you're on the way to getting started!"" Instead of saying ""Hey, I'm on the way to getting started!"" then you will get",60,92,False,online,5
2025-07-28 20:30:32.554680,Postpone,No internet connection.,"I have a couple of questions about the system. I have an idea. I am looking at the system as a whole, and I think it is possible that I could be very helpful with a few questions.
I would like to have a",27,41,False,offline,10
2025-07-28 21:24:39.088804,Postpone,Battery too low.,"The system decided to postpone the update. The reason is: Battery too low..
It would be nice if we could just give our users the option to keep updating the system. The reason is: Battery too low..
The reason is: Battery",24,13,False,online,4
2025-07-28 21:24:47.214657,Postpone,No internet connection.,The system decided to postpone,27,23,True,offline,1
2025-07-28 21:24:54.773844,Apply,High security risk.,"This is one of the most common things people get asked to do, especially when they are trying to make a new purchase. And while the above is the most common reason for it, it is also the most common reason for it.
The reason",13,21,True,online,9
2025-07-28 21:25:03.216879,Postpone,No internet connection.,This is the first time a web service provider has to cancel its services for a reason. This is an attempt to make sure that web services are not cancelled. This is what happened to the service provider when it decided to cancel the service for the,87,13,True,offline,4
2025-07-28 21:25:10.829256,Postpone,System busy or user active.,"This means that the system was going to wait for a few hours before a new update was released to the system (unless you have a specific server connection) to see if there was a chance to make a change.
There was a few more problems",67,85,False,online,3
2025-07-28 21:28:16.766307,Postpone,Battery too low.,"The system decided to postpone the update. The reason is: Battery too low..
It would be nice if we could just give our users the option to keep updating the system. The reason is: Battery too low..
The reason is: Battery",24,13,False,online,4
2025-07-28 21:28:25.015698,Postpone,No internet connection.,The system decided to postpone,27,23,True,offline,1
2025-07-28 21:28:32.538559,Apply,High security risk.,"This is one of the most common things people get asked to do, especially when they are trying to make a new purchase. And while the above is the most common reason for it, it is also the most common reason for it.
The reason",13,21,True,online,9
2025-07-28 21:28:41.046185,Postpone,No internet connection.,This is the first time a web service provider has to cancel its services for a reason. This is an attempt to make sure that web services are not cancelled. This is what happened to the service provider when it decided to cancel the service for the,87,13,True,offline,4
2025-07-28 21:28:48.589030,Postpone,System busy or user active.,"This means that the system was going to wait for a few hours before a new update was released to the system (unless you have a specific server connection) to see if there was a chance to make a change.
There was a few more problems",67,85,False,online,3
2025-07-28 21:30:25.873529,Postpone,Battery too low.,"The system decided to postpone the update. The reason is: Battery too low..
It would be nice if we could just give our users the option to keep updating the system. The reason is: Battery too low..
The reason is: Battery",24,13,False,online,4
2025-07-28 21:30:33.623144,Postpone,No internet connection.,The system decided to postpone,27,23,True,offline,1
2025-07-28 21:30:41.117329,Apply,High security risk.,"This is one of the most common things people get asked to do, especially when they are trying to make a new purchase. And while the above is the most common reason for it, it is also the most common reason for it.
The reason",13,21,True,online,9
2025-07-28 21:30:50.419882,Postpone,No internet connection.,This is the first time a web service provider has to cancel its services for a reason. This is an attempt to make sure that web services are not cancelled. This is what happened to the service provider when it decided to cancel the service for the,87,13,True,offline,4
2025-07-28 21:30:58.012318,Postpone,System busy or user active.,"This means that the system was going to wait for a few hours before a new update was released to the system (unless you have a specific server connection) to see if there was a chance to make a change.
There was a few more problems",67,85,False,online,3
2025-07-28 21:31:48.155420,Postpone,Battery too low.,"The system decided to postpone the update. The reason is: Battery too low..
It would be nice if we could just give our users the option to keep updating the system. The reason is: Battery too low..
The reason is: Battery",24,13,False,online,4
2025-07-28 21:31:57.270812,Postpone,No internet connection.,The system decided to postpone,27,23,True,offline,1
2025-07-28 21:32:05.975455,Apply,High security risk.,"This is one of the most common things people get asked to do, especially when they are trying to make a new purchase. And while the above is the most common reason for it, it is also the most common reason for it.
The reason",13,21,True,online,9
2025-07-28 21:32:15.813807,Postpone,No internet connection.,This is the first time a web service provider has to cancel its services for a reason. This is an attempt to make sure that web services are not cancelled. This is what happened to the service provider when it decided to cancel the service for the,87,13,True,offline,4
2025-07-28 21:32:25.161508,Postpone,System busy or user active.,"This means that the system was going to wait for a few hours before a new update was released to the system (unless you have a specific server connection) to see if there was a chance to make a change.
There was a few more problems",67,85,False,online,3
2025-07-28 21:32:37.424971,Postpone,System busy or user active.,"Because this will not be a fix, we will continue to work on improving the",64,53,False,online,4
2025-07-28 21:32:46.195394,Postpone,No internet connection.,"- When the last update was released, the new update was not ready for release, so the time was decided to postpone the update. The reason is: No internet connection..
- When the last update was released, the new update was not",53,23,True,offline,2
2025-07-28 21:32:53.643822,Apply,High security risk.,"If you have any questions or suggestions for a fix, please contact us.
In this post, we will explain the reason for the change to the update. The reason is: High security risk..
The reason is: High security risk..",55,54,False,online,8
2025-07-28 21:33:00.273524,Apply,High security risk.,"As always, please read the following post:
This article is written with the permission of the author and not for commercial use.",78,25,False,online,9
2025-07-28 21:33:08.829318,Postpone,System busy or user active.,"The system was not aware of the issue, and there was no immediate response.
To summarize, the system decided to postpone the update on the previous day. The system would continue to delay the update, as the system did not know that the system",47,90,False,online,2
2025-07-28 21:46:44.316550,Postpone,Battery too low.,"The system decided to postpone the update. The reason is: Battery too low..
It would be nice if we could just give our users the option to keep updating the system. The reason is: Battery too low..
The reason is: Battery",24,13,False,online,4
2025-07-28 21:46:51.233975,Postpone,No internet connection.,The system decided to postpone,27,23,True,offline,1
2025-07-28 21:46:57.422777,Apply,High security risk.,"This is one of the most common things people get asked to do, especially when they are trying to make a new purchase. And while the above is the most common reason for it, it is also the most common reason for it.
The reason",13,21,True,online,9
2025-07-28 21:47:04.784491,Postpone,No internet connection.,This is the first time a web service provider has to cancel its services for a reason. This is an attempt to make sure that web services are not cancelled. This is what happened to the service provider when it decided to cancel the service for the,87,13,True,offline,4
2025-07-28 21:47:10.980090,Postpone,System busy or user active.,"This means that the system was going to wait for a few hours before a new update was released to the system (unless you have a specific server connection) to see if there was a chance to make a change.
There was a few more problems",67,85,False,online,3
2025-07-28 21:50:12.525409,Postpone,Battery too low.,"The system decided to postpone the update. The reason is: Battery too low..
It would be nice if we could just give our users the option to keep updating the system. The reason is: Battery too low..
The reason is: Battery",24,13,False,online,4
2025-07-28 21:50:18.917342,Postpone,No internet connection.,The system decided to postpone,27,23,True,offline,1
2025-07-28 21:50:25.490004,Apply,High security risk.,"This is one of the most common things people get asked to do, especially when they are trying to make a new purchase. And while the above is the most common reason for it, it is also the most common reason for it.
The reason",13,21,True,online,9
2025-07-28 21:50:33.252774,Postpone,No internet connection.,This is the first time a web service provider has to cancel its services for a reason. This is an attempt to make sure that web services are not cancelled. This is what happened to the service provider when it decided to cancel the service for the,87,13,True,offline,4
2025-07-28 21:50:39.458087,Postpone,System busy or user active.,"This means that the system was going to wait for a few hours before a new update was released to the system (unless you have a specific server connection) to see if there was a chance to make a change.
There was a few more problems",67,85,False,online,3
2025-07-28 21:52:06.349911,Postpone,Battery too low.,"The system decided to postpone the update. The reason is: Battery too low..
It would be nice if we could just give our users the option to keep updating the system. The reason is: Battery too low..
The reason is: Battery",24,13,False,online,4
2025-07-28 21:52:12.205704,Postpone,No internet connection.,The system decided to postpone,27,23,True,offline,1
2025-07-28 21:52:18.142107,Apply,High security risk.,"This is one of the most common things people get asked to do, especially when they are trying to make a new purchase. And while the above is the most common reason for it, it is also the most common reason for it.
The reason",13,21,True,online,9
2025-07-28 21:52:25.353643,Postpone,No internet connection.,This is the first time a web service provider has to cancel its services for a reason. This is an attempt to make sure that web services are not cancelled. This is what happened to the service provider when it decided to cancel the service for the,87,13,True,offline,4
2025-07-28 21:52:30.823688,Postpone,System busy or user active.,"This means that the system was going to wait for a few hours before a new update was released to the system (unless you have a specific server connection) to see if there was a chance to make a change.
There was a few more problems",67,85,False,online,3
2025-07-28 21:53:12.882742,Postpone,Battery too low.,"The system decided to postpone the update. The reason is: Battery too low..
It would be nice if we could just give our users the option to keep updating the system. The reason is: Battery too low..
The reason is: Battery",24,13,False,online,4
2025-07-28 21:53:19.156387,Postpone,No internet connection.,The system decided to postpone,27,23,True,offline,1
2025-07-28 21:53:25.264361,Apply,High security risk.,"This is one of the most common things people get asked to do, especially when they are trying to make a new purchase. And while the above is the most common reason for it, it is also the most common reason for it.
The reason",13,21,True,online,9
2025-07-28 21:53:32.543577,Postpone,No internet connection.,This is the first time a web service provider has to cancel its services for a reason. This is an attempt to make sure that web services are not cancelled. This is what happened to the service provider when it decided to cancel the service for the,87,13,True,offline,4
2025-07-28 21:53:38.906916,Postpone,System busy or user active.,"This means that the system was going to wait for a few hours before a new update was released to the system (unless you have a specific server connection) to see if there was a chance to make a change.
There was a few more problems",67,85,False,online,3
2025-07-28 21:57:21.813687,Postpone,Battery too low.,"The system decided to postpone the update. The reason is: Battery too low..
It would be nice if we could just give our users the option to keep updating the system. The reason is: Battery too low..
The reason is: Battery",24,13,False,online,4
2025-07-28 21:57:27.779143,Postpone,No internet connection.,The system decided to postpone,27,23,True,offline,1
2025-07-28 21:57:33.692295,Apply,High security risk.,"This is one of the most common things people get asked to do, especially when they are trying to make a new purchase. And while the above is the most common reason for it, it is also the most common reason for it.
The reason",13,21,True,online,9
2025-07-28 21:57:40.653999,Postpone,No internet connection.,This is the first time a web service provider has to cancel its services for a reason. This is an attempt to make sure that web services are not cancelled. This is what happened to the service provider when it decided to cancel the service for the,87,13,True,offline,4
2025-07-28 21:57:46.533200,Postpone,System busy or user active.,"This means that the system was going to wait for a few hours before a new update was released to the system (unless you have a specific server connection) to see if there was a chance to make a change.
There was a few more problems",67,85,False,online,3
2025-07-28 22:14:06.779547,Postpone,Battery too low.,"The system decided to postpone the update. The reason is: Battery too low..
It would be nice if we could just give our users the option to keep updating the system. The reason is: Battery too low..
The reason is: Battery",24,13,False,online,4
2025-07-28 22:14:12.849657,Postpone,No internet connection.,The system decided to postpone,27,23,True,offline,1
2025-07-28 22:14:18.710549,Apply,High security risk.,"This is one of the most common things people get asked to do, especially when they are trying to make a new purchase. And while the above is the most common reason for it, it is also the most common reason for it.
The reason",13,21,True,online,9
2025-07-28 22:14:25.615214,Postpone,No internet connection.,This is the first time a web service provider has to cancel its services for a reason. This is an attempt to make sure that web services are not cancelled. This is what happened to the service provider when it decided to cancel the service for the,87,13,True,offline,4
2025-07-28 22:14:31.543614,Postpone,System busy or user active.,"This means that the system was going to wait for a few hours before a new update was released to the system (unless you have a specific server connection) to see if there was a chance to make a change.
There was a few more problems",67,85,False,online,3
2025-07-31 19:01:32.655140,Postpone,Battery too low.,"The system decided to postpone the update. The reason is: Battery too low..
It would be nice if we could just give our users the option to keep updating the system. The reason is: Battery too low..
The reason is: Battery",24,13,False,online,4
2025-07-31 19:01:37.704615,Postpone,No internet connection.,The system decided to postpone,27,23,True,offline,1
2025-07-31 19:01:43.841647,Apply,High security risk.,"This is one of the most common things people get asked to do, especially when they are trying to make a new purchase. And while the above is the most common reason for it, it is also the most common reason for it.
The reason",13,21,True,online,9
2025-07-31 19:01:50.158262,Postpone,No internet connection.,This is the first time a web service provider has to cancel its services for a reason. This is an attempt to make sure that web services are not cancelled. This is what happened to the service provider when it decided to cancel the service for the,87,13,True,offline,4
2025-07-31 19:03:27.112437,Postpone,Battery too low.,"The system decided to postpone the update. The reason is: Battery too low..
It would be nice if we could just give our users the option to keep updating the system. The reason is: Battery too low..
The reason is: Battery",24,13,False,online,4
2025-07-31 19:03:33.702667,Postpone,No internet connection.,The system decided to postpone,27,23,True,offline,1
2025-07-31 19:03:39.748831,Apply,High security risk.,"This is one of the most common things people get asked to do, especially when they are trying to make a new purchase. And while the above is the most common reason for it, it is also the most common reason for it.
The reason",13,21,True,online,9
2025-07-31 19:03:46.980256,Postpone,No internet connection.,This is the first time a web service provider has to cancel its services for a reason. This is an attempt to make sure that web services are not cancelled. This is what happened to the service provider when it decided to cancel the service for the,87,13,True,offline,4
2025-07-31 19:03:53.321251,Postpone,System busy or user active.,"This means that the system was going to wait for a few hours before a new update was released to the system (unless you have a specific server connection) to see if there was a chance to make a change.
There was a few more problems",67,85,False,online,3
2025-07-31 19:05:19.112816,Postpone,System busy or user active.,üîç The system decided to **Postpone** the update because: System busy or user active.,75,33,True,online,7
